,division_name,2020-09-08 00:00:00,2020-09-22 00:00:00,2020-11-12 00:00:00,2020-12-14 00:00:00,2021-01-26 00:00:00,2021-02-16 00:00:00,2021-02-22 00:00:00,2021-03-01 00:00:00,2021-03-08 00:00:00,2021-03-15 00:00:00,2021-03-22 00:00:00,2021-04-05 00:00:00,2021-04-19 00:00:00,2021-04-26 00:00:00,2021-05-03 00:00:00
0,Accomack County,All Hybrid,All Hybrid,All Hybrid,All Hybrid,All Hybrid,All Hybrid,All Hybrid,All Hybrid,All Hybrid,All Hybrid,All Hybrid,All Hybrid,Partial In Person,In Person,In Person
1,Albemarle County,Fully  Remote,Fully  Remote,Partial Hybrid,Partial Hybrid,Partial Hybrid,Partial Hybrid,Partial Hybrid,Partial Hybrid,Partial Hybrid,In Person,Partial In Person,Partial In Person,Partial In Person,Partial In Person,Partial In Person
2,Alexandria City,Fully  Remote,Fully  Remote,Fully  Remote,Fully  Remote,Fully  Remote,Fully Remote-a,Fully Remote-a,Fully Remote,Fully Remote,All Hybrid,All Hybrid,All Hybrid,All Hybrid,All Hybrid,All Hybrid
3,Alleghany County,All Hybrid,All Hybrid,All Hybrid,All Hybrid,All Hybrid,Partial In Person,Partial In Person,Partial In Person,Partial In Person,Partial In Person,Partial In Person,In Person,In Person,In Person,In Person
4,Amelia County,Partial In Person,Partial In Person,Partial In Person,Partial In Person,Partial In Person,Partial In Person,Partial In Person,Partial In Person,Partial In Person,Partial In Person,Partial In Person,Partial In Person,Partial In Person,Partial In Person,Partial In Person
5,Amherst County,Partial In Person,Partial In Person,Partial In Person,Partial In Person,Partial In Person,Partial In Person,Partial In Person,Partial In Person,Partial In Person,Partial In Person,Partial In Person,Partial In Person,Partial In Person,Partial In Person,Partial In Person
6,Appomattox County,Partial In Person,Partial In Person,Partial In Person,Partial In Person,Partial In Person,Partial In Person,Partial In Person,Partial In Person,Partial In Person,Partial In Person,Partial In Person,Partial In Person,Partial In Person,Partial In Person,Partial In Person
7,Arlington County,Fully  Remote,Fully  Remote,Fully  Remote,Fully  Remote,Fully  Remote,Fully Remote-a,Fully Remote-a,Partial Hybrid,Partial Hybrid,All Hybrid,All Hybrid,All Hybrid,All Hybrid,All Hybrid,All Hybrid
8,Augusta County,Partial In Person,Partial In Person,Partial In Person,Partial In Person,Partial In Person,Partial In Person,Partial In Person,Partial In Person,Partial In Person,Partial In Person,Partial In Person,Partial In Person,In Person,In Person,In Person
9,Bath County,In Person,In Person,In Person,Fully  Remote,Fully  Remote,In Person,In Person,In Person,In Person,In Person,In Person,In Person,In Person,In Person,In Person
10,Bedford County,Partial In Person,Partial In Person,Partial In Person,Partial In Person,Partial In Person,Partial In Person,Partial In Person,Partial In Person,Partial In Person,Partial In Person,Partial In Person,Partial In Person,Partial In Person,Partial In Person,Partial In Person
11,Bland County,All Hybrid,All Hybrid,All Hybrid,Fully  Remote,Fully  Remote,In Person,In Person,In Person,In Person,In Person,In Person,In Person,In Person,In Person,In Person
12,Botetourt County,Partial In Person,Partial In Person,Partial In Person,Partial In Person,Partial In Person,Partial In Person,Partial In Person,In Person,In Person,In Person,In Person,In Person,In Person,In Person,In Person
13,Bristol City,In Person,In Person,In Person,Fully  Remote,In Person,In Person,In Person,In Person,In Person,In Person,In Person,In Person,In Person,In Person,In Person
14,Brunswick County,Fully  Remote,Fully  Remote,Fully  Remote,Fully  Remote,Fully  Remote,Fully Remote-a,Fully Remote-a,Fully Remote,Fully Remote,Partial Hybrid,All Hybrid,All Hybrid,All Hybrid,All Hybrid,All Hybrid
15,Buchanan County,In Person,In Person,In Person,Fully  Remote,In Person,In Person,In Person,In Person,In Person,In Person,In Person,In Person,In Person,In Person,In Person
16,Buckingham County,Fully  Remote,Fully  Remote,Fully  Remote,Fully  Remote,Fully  Remote,Partial Hybrid,Partial Hybrid,Partial In Person,Partial In Person,Partial In Person,Partial In Person,Partial In Person,Partial In Person,Partial In Person,Partial In Person
17,Buena Vista City,Partial In Person,Partial In Person,Partial In Person,Fully  Remote,Partial In Person,Partial In Person,Partial In Person,Partial In Person,Partial In Person,Partial In Person,Partial In Person,Partial In Person,Partial In Person,Partial In Person,Partial In Person
18,Campbell County,Partial In Person,Partial In Person,Partial In Person,Partial In Person,Partial In Person,Partial In Person,Partial In Person,Partial In Person,Partial In Person,Partial In Person,Partial In Person,Partial In Person,Partial In Person,Partial In Person,Partial In Person
19,Caroline County,Fully  Remote,Fully  Remote,Fully  Remote,Fully  Remote,Fully  Remote,Fully Remote-a,Fully Remote-a,In Person,In Person,In Person,In Person,In Person,In Person,In Person,In Person
20,Carroll County,All Hybrid,All Hybrid,Partial In Person,Fully  Remote,In Person,In Person,In Person,In Person,In Person,In Person,In Person,In Person,In Person,In Person,In Person
21,Charles City County,Fully  Remote,Fully  Remote,Fully  Remote,Fully  Remote,Fully  Remote,Fully Remote-a,Fully Remote-a,Fully Remote,Partial Hybrid,Partial Hybrid,Partial Hybrid,All Hybrid,All Hybrid,All Hybrid,All Hybrid
22,Charlotte County,Fully  Remote,Fully  Remote,All Hybrid,All Hybrid,All Hybrid,All Hybrid,All Hybrid,All Hybrid,All Hybrid,In Person,In Person,In Person,In Person,In Person,In Person
23,Charlottesville City,Fully  Remote,Fully  Remote,Fully  Remote,Fully  Remote,Fully  Remote,Fully Remote-a,Fully Remote-a,Fully Remote,Partial In Person,Partial In Person,Partial In Person,Partial In Person,Partial In Person,Partial In Person,Partial In Person
24,Chesapeake City,Fully  Remote,Fully  Remote,Partial In Person,Partial In Person,Partial In Person,Partial In Person,Partial In Person,Partial In Person,Partial In Person,Partial In Person,Partial In Person,Partial In Person,Partial In Person,Partial In Person,Partial In Person
25,Chesterfield County,Fully  Remote,Fully  Remote,All Hybrid,Fully  Remote,Fully  Remote,Partial In Person,Partial In Person,Partial In Person,In Person,In Person,In Person,In Person,In Person,In Person,In Person
26,Clarke County,All Hybrid,Partial Hybrid,Partial In Person,Partial In Person,Partial In Person,Partial In Person,Partial In Person,Partial In Person,Partial In Person,Partial In Person,Partial In Person,Partial In Person,In Person,In Person,In Person
27,Colonial Beach,All Hybrid,All Hybrid,All Hybrid,Fully  Remote,Fully  Remote,Partial Hybrid,Partial Hybrid,Partial Hybrid,Partial Hybrid,All Hybrid,All Hybrid,All Hybrid,All Hybrid,All Hybrid,All Hybrid
28,Colonial Heights City,All Hybrid,All Hybrid,All Hybrid,All Hybrid,All Hybrid,All Hybrid,All Hybrid,All Hybrid,All Hybrid,All Hybrid,All Hybrid,All Hybrid,All Hybrid,All Hybrid,All Hybrid
29,Covington City,Partial In Person,Partial In Person,Partial In Person,Partial In Person,Partial In Person,Partial In Person,Partial In Person,Partial In Person,Partial In Person,Partial In Person,Partial In Person,Partial In Person,Partial In Person,Partial In Person,Partial In Person
30,Craig County,Partial In Person,Partial In Person,Partial In Person,Partial In Person,Partial In Person,Partial In Person,Partial In Person,Partial In Person,Partial In Person,Partial In Person,In Person,In Person,In Person,In Person,In Person
31,Culpeper County,All Hybrid,All Hybrid,All Hybrid,All Hybrid,All Hybrid,All Hybrid,All Hybrid,All Hybrid,All Hybrid,All Hybrid,All Hybrid,All Hybrid,Partial In Person,Partial In Person,Partial In Person
32,Cumberland County,Fully  Remote,Fully  Remote,All Hybrid,All Hybrid,All Hybrid,All Hybrid,All Hybrid,All Hybrid,All Hybrid,All Hybrid,All Hybrid,All Hybrid,All Hybrid,All Hybrid,All Hybrid
33,Danville City,Partial In Person,Partial In Person,Partial In Person,Partial In Person,Partial In Person,Partial In Person,Partial In Person,Partial In Person,Partial In Person,Partial In Person,Partial In Person,Partial In Person,Partial In Person,Partial In Person,Partial In Person
34,Dickenson County,All Hybrid,All Hybrid,All Hybrid,All Hybrid,In Person,In Person,In Person,In Person,In Person,In Person,In Person,In Person,In Person,In Person,In Person
35,Dinwiddie County,All Hybrid,All Hybrid,Partial In Person,Partial In Person,Partial In Person,Partial In Person,Partial In Person,Partial In Person,Partial In Person,Partial In Person,Partial In Person,Partial In Person,Partial In Person,Partial In Person,Partial In Person
36,Essex County,Fully  Remote,Fully  Remote,Partial in Person,Partial in Person,Partial in Person,Partial in Person,Partial in Person,Partial in Person,Partial in Person,Partial in Person,Partial in Person,Partial in Person,Partial in Person,Partial in Person,Partial in Person
37,Fairfax County,Fully  Remote,Fully  Remote,Partial Hybrid,Fully  Remote,Fully  Remote,Fully Remote-a,Partial Hybrid,Partial Hybrid,Partial Hybrid,All Hybrid,All Hybrid,All Hybrid,All Hybrid,All Hybrid,All Hybrid
38,Falls Church City,Fully  Remote,Fully  Remote,Partial Hybrid,Fully  Remote,Partial In Person,Partial In Person,Partial In Person,Partial In Person,Partial In Person,Partial In Person,Partial In Person,Partial In Person,Partial In Person,Partial In Person,Partial In Person
39,Fauquier County,Fully  Remote,Fully  Remote,All Hybrid,All Hybrid,All Hybrid,All Hybrid,All Hybrid,All Hybrid,All Hybrid,Partial In Person,Partial In Person,In Person,In Person,In Person,In Person
40,Floyd County,Partial In Person,Partial In Person,Partial In Person,Partial In Person,Partial In Person,Partial In Person,In Person,In Person,In Person,In Person,In Person,In Person,In Person,In Person,In Person
41,Fluvanna County,Fully  Remote,Fully  Remote,All Hybrid,All Hybrid,All Hybrid,All Hybrid,All Hybrid,All Hybrid,All Hybrid,All Hybrid,All Hybrid,All Hybrid,All Hybrid,All Hybrid,All Hybrid
42,Franklin City,Fully  Remote,Fully  Remote,Fully  Remote,Fully  Remote,Fully  Remote,Fully Remote-a,Fully Remote-a,Fully Remote,Fully Remote,Partial Hybrid,Partial Hybrid,Partial Hybrid,Partial Hybrid,Partial Hybrid,Partial Hybrid
43,Franklin County,All Hybrid,All Hybrid,All Hybrid,All Hybrid,Partial In Person,Partial In Person,Partial In Person,Partial In Person,Partial In Person,Partial In Person,Partial In Person,In Person,In Person,In Person,In Person
44,Frederick County,Partial In Person,Partial In Person,Partial In Person,Partial In Person,Partial In Person,Partial In Person,Partial In Person,Partial In Person,Partial In Person,Partial In Person,Partial In Person,Partial In Person,In Person,In Person,In Person
45,Fredericksburg City,Fully  Remote,Fully  Remote,Fully  Remote,Fully  Remote,Fully  Remote,All Hybrid,All Hybrid,All Hybrid,All Hybrid,All Hybrid,All Hybrid,All Hybrid,All Hybrid,All Hybrid,In Person
46,Galax City,Fully  Remote,Fully  Remote,In Person,In Person,In Person,In Person,In Person,In Person,In Person,In Person,In Person,In Person,In Person,In Person,In Person
47,Giles County,All Hybrid,All Hybrid,Partial in Person,Partial in Person,In Person,In Person,In Person,In Person,In Person,In Person,In Person,In Person,In Person,In Person,In Person
48,Gloucester County,Fully  Remote,Fully  Remote,All Hybrid,All Hybrid,All Hybrid,All Hybrid,All Hybrid,All Hybrid,All Hybrid,All Hybrid,All Hybrid,All Hybrid,In Person,In Person,In Person
49,Goochland County,Fully  Remote,Fully  Remote,Partial In Person,Partial In Person,Partial In Person,Partial In Person,Partial In Person,Partial In Person,Partial In Person,Partial In Person,Partial In Person,Partial In Person,Partial In Person,Partial In Person,Partial In Person
50,Grayson County,In Person,In Person,In Person,In Person,In Person,In Person,In Person,In Person,In Person,In Person,In Person,In Person,In Person,In Person,In Person
51,Greene County,Partial In Person,Partial In Person,Partial In Person,Partial In Person,Partial In Person,Partial In Person,Partial In Person,Partial In Person,Partial In Person,Partial In Person,Partial In Person,Partial In Person,Partial In Person,Partial In Person,Partial In Person
52,Greensville County,Fully  Remote,Fully  Remote,Fully  Remote,Fully  Remote,Fully  Remote,Fully Remote-a,Fully Remote-a,Fully Remote,Fully Remote,All Hybrid,All Hybrid,All Hybrid,All Hybrid,All Hybrid,All Hybrid
53,Halifax County,Fully  Remote,Fully  Remote,Fully  Remote,Fully  Remote,Fully  Remote,Partial Hybrid,Partial Hybrid,Partial Hybrid,Partial Hybrid,Partial Hybrid,All Hybrid,All Hybrid,All Hybrid,All Hybrid,All Hybrid
54,Hampton City,Fully  Remote,Fully  Remote,Fully  Remote,Fully  Remote,Fully  Remote,Partial Hybrid,Partial Hybrid,Partial Hybrid,Partial In Person,Partial In Person,Partial In Person,Partial In Person,Partial In Person,Partial In Person,Partial In Person
55,Hanover County,In Person,In Person,In Person,In Person,In Person,In Person,In Person,In Person,In Person,In Person,In Person,In Person,In Person,In Person,In Person
56,Harrisonburg City,Fully  Remote,Fully  Remote,Fully  Remote,Fully  Remote,Fully  Remote,Partial In Person,Partial In Person,Partial In Person,Partial In Person,Partial In Person,Partial In Person,Partial In Person,Partial In Person,Partial In Person,Partial In Person
57,Henrico County,Fully  Remote,Fully  Remote,Fully  Remote,Fully  Remote,Fully  Remote,Fully Remote-a,Partial Hybrid,Partial Hybrid,In Person,In Person,In Person,In Person,In Person,In Person,In Person
58,Henry County,Fully  Remote,Fully  Remote,Fully  Remote,Fully  Remote,Fully  Remote,Fully Remote-a,Fully Remote-a,Fully Remote,Partial In Person,Partial In Person,Partial In Person,Partial In Person,Partial In Person,Partial In Person,In Person
59,Highland County,In Person,In Person,In Person,Fully  Remote,In Person,In Person,In Person,In Person,In Person,In Person,In Person,In Person,In Person,In Person,In Person
60,Hopewell City,Fully  Remote,Fully  Remote,Fully  Remote,Fully  Remote,Fully  Remote,Fully Remote-a,Fully Remote-a,Partial In Person,Partial In Person,In Person,In Person,In Person,In Person,In Person,In Person
61,Isle of Wight County,Partial Hybrid,Partial Hybrid,All Hybrid,All Hybrid,All Hybrid,All Hybrid,All Hybrid,All Hybrid,All Hybrid,Partial In Person,Partial In Person,Partial In Person,Partial In Person,Partial In Person,Partial In Person
62,King George County,Fully  Remote,Fully  Remote,Fully  Remote,Fully  Remote,Fully  Remote,Partial In Person,Partial In Person,Partial In Person,Partial In Person,Partial In Person,Partial In Person,Partial In Person,Partial In Person,Partial In Person,Partial In Person
63,King William County,All Hybrid,All Hybrid,All Hybrid,All Hybrid,All Hybrid,All Hybrid,All Hybrid,In Person,In Person,In Person,In Person,In Person,In Person,In Person,In Person
64,King and Queen County,All Hybrid,All Hybrid,All Hybrid,All Hybrid,All Hybrid,All Hybrid,All Hybrid,All Hybrid,All Hybrid,All Hybrid,All Hybrid,All Hybrid,All Hybrid,All Hybrid,All Hybrid
65,Lancaster County,Fully  Remote,Fully  Remote,Fully  Remote,Fully  Remote,Fully  Remote,Partial Hybrid,Partial Hybrid,All Hybrid,All Hybrid,All Hybrid,All Hybrid,All Hybrid,All Hybrid,All Hybrid,Partial In Person
66,Lee County,Partial In Person,Partial In Person,In Person,In Person,In Person,In Person,In Person,In Person,In Person,In Person,In Person,In Person,In Person,In Person,In Person
67,Lexington City,In Person,In Person,In Person,Fully  Remote,Fully  Remote,In Person,In Person,In Person,In Person,In Person,In Person,In Person,In Person,In Person,In Person
68,Loudoun County,Fully  Remote,Fully  Remote,Partial Hybrid,Partial Hybrid,Partial Hybrid,Partial Hybrid,Partial Hybrid,All Hybrid,All Hybrid,All Hybrid,All Hybrid,All Hybrid,All Hybrid,In Person,In Person
69,Louisa County,All Hybrid,All Hybrid,All Hybrid,All Hybrid,All Hybrid,All Hybrid,All Hybrid,All Hybrid,All Hybrid,All Hybrid,All Hybrid,All Hybrid,All Hybrid,All Hybrid,All Hybrid
70,Lunenburg County,Fully  Remote,Fully  Remote,Fully  Remote,Fully  Remote,Fully  Remote,Partial Hybrid,All Hybrid,All Hybrid,All Hybrid,Partial In Person,Partial In Person,Partial In Person,Partial In Person,Partial In Person,Partial In Person
71,Lynchburg City,Fully  Remote,Fully  Remote,All Hybrid,All Hybrid,All Hybrid,All Hybrid,All Hybrid,All Hybrid,All Hybrid,All Hybrid,All Hybrid,All Hybrid,Partial In Person,Partial In Person,Partial In Person
72,Madison County,Partial In Person,Partial In Person,Partial In Person,Partial In Person,Partial In Person,Partial In Person,Partial In Person,Partial In Person,Partial In Person,Partial In Person,Partial In Person,Partial In Person,Partial In Person,Partial In Person,Partial In Person
73,Manassas City,Fully  Remote,Fully  Remote,Fully  Remote,Fully  Remote,Fully  Remote,Fully Remote-a,Fully Remote-a,Fully Remote,Fully Remote,Fully Remote,Partial Hybrid,Partial Hybrid,Partial Hybrid,Partial Hybrid,Partial Hybrid
74,Manassas Park City,Fully  Remote,Fully  Remote,Fully  Remote,Fully  Remote,Fully  Remote,Fully Remote-a,Fully Remote-a,Partial Hybrid,Partial Hybrid,Partial Hybrid,Partial Hybrid,All Hybrid,All Hybrid,All Hybrid,All Hybrid
75,Martinsville City,Fully  Remote,Fully  Remote,Fully  Remote,Fully  Remote,Fully  Remote,Fully Remote-a,Fully Remote-a,Fully Remote,Partial Hybrid,Partial Hybrid,Partial Hybrid,Partial Hybrid,Partial Hybrid,Partial Hybrid,Partial Hybrid
76,Mathews County,Partial Hybrid,Partial Hybrid,Fully  Remote,Fully  Remote,All Hybrid,All Hybrid,All Hybrid,All Hybrid,All Hybrid,All Hybrid,All Hybrid,All Hybrid,All Hybrid,All Hybrid,All Hybrid
77,Mecklenburg County,Partial In Person,Partial In Person,Partial In Person,Fully  Remote,Partial In Person,Partial In Person,Partial In Person,Partial In Person,Partial In Person,Partial In Person,Partial In Person,Partial In Person,Partial In Person,Partial In Person,Partial In Person
78,Middlesex County,Fully  Remote,Fully  Remote,All Hybrid,All Hybrid,All Hybrid,All Hybrid,All Hybrid,All Hybrid,All Hybrid,All Hybrid,All Hybrid,All Hybrid,All Hybrid,All Hybrid,All Hybrid
79,Montgomery County,Partial In Person,Partial In Person,Partial In Person,Partial Hybrid,All Hybrid,All Hybrid,All Hybrid,All Hybrid,In Person,In Person,In Person,In Person,In Person,In Person,In Person
80,Nelson County,Fully  Remote,Fully  Remote,Fully  Remote,Fully  Remote,Fully  Remote,Fully Remote-a,Fully Remote-a,Partial Hybrid,Partial Hybrid,Partial Hybrid,Partial Hybrid,All Hybrid,All Hybrid,All Hybrid,All Hybrid
81,New Kent County,Fully  Remote,Fully  Remote,Partial In Person,Partial In Person,Partial In Person,Partial In Person,Partial In Person,Partial In Person,Partial In Person,Partial In Person,Partial In Person,Partial In Person,Partial In Person,Partial In Person,Partial In Person
82,Newport News City,Fully  Remote,Fully  Remote,Fully  Remote,Fully  Remote,Fully  Remote,Fully Remote-a,Partial In Person,Partial In Person,All Hybrid,All Hybrid,All Hybrid,All Hybrid,All Hybrid,All Hybrid,All Hybrid
83,Norfolk City,Fully  Remote,Fully  Remote,Fully  Remote,Fully  Remote,Fully  Remote,Fully Remote-a,Fully Remote-a,Fully Remote,Fully Remote,Partial Hybrid,Partial Hybrid,Partial Hybrid,Partial Hybrid,All Hybrid,All Hybrid
84,Northampton County,All Hybrid,All Hybrid,Partial In Person,Partial In Person,Fully  Remote,Partial In Person,Partial In Person,In Person,In Person,In Person,Partial In Person,Partial In Person,Partial In Person,Partial In Person,Partial In Person
85,Northumberland County,All Hybrid,All Hybrid,All Hybrid,All Hybrid,All Hybrid,All Hybrid,All Hybrid,All Hybrid,All Hybrid,In Person,In Person,In Person,In Person,In Person,In Person
86,Norton City,In Person,In Person,In Person,In Person,In Person,In Person,In Person,In Person,In Person,In Person,In Person,In Person,In Person,In Person,In Person
87,Nottoway County,Fully  Remote,Fully  Remote,Partial In Person,Fully  Remote,Partial In Person,Partial In Person,Partial In Person,Partial In Person,Partial In Person,Partial In Person,Partial In Person,Partial In Person,Partial In Person,Partial In Person,Partial In Person
88,Orange County,All Hybrid,All Hybrid,All Hybrid,All Hybrid,All Hybrid,All Hybrid,All Hybrid,All Hybrid,All Hybrid,All Hybrid,All Hybrid,All Hybrid,In Person,In Person,In Person
89,Page County,Partial In Person,Partial In Person,Partial In Person,Partial In Person,Partial In Person,Partial In Person,Partial In Person,Partial In Person,Partial In Person,Partial In Person,Partial In Person,Partial In Person,Partial In Person,Partial In Person,Partial In Person
90,Patrick County,Fully  Remote,Fully  Remote,All Hybrid,All Hybrid,All Hybrid,Partial In Person,Partial In Person,Partial In Person,Partial In Person,In Person,In Person,In Person,In Person,In Person,In Person
91,Petersburg City,Fully  Remote,Fully  Remote,Fully  Remote,Fully  Remote,Fully  Remote,Fully Remote-a,Fully Remote-a,Fully Remote,Fully Remote,Partial In Person,Partial In Person,Partial In Person,In Person,In Person,In Person
92,Pittsylvania County,Partial In Person,Partial In Person,Partial In Person,Partial In Person,Partial In Person,Partial In Person,Partial In Person,Partial In Person,Partial In Person,Partial In Person,Partial In Person,Partial In Person,Partial In Person,Partial In Person,Partial In Person
93,Poquoson City,Partial Hybrid,Partial Hybrid,Partial Hybrid,Partial Hybrid,Partial Hybrid,All Hybrid,All Hybrid,All Hybrid,All Hybrid,All Hybrid,All Hybrid,Partial In Person,In Person,In Person,In Person
94,Portsmouth City,Fully  Remote,Fully  Remote,Fully  Remote,Fully  Remote,Fully  Remote,Fully Remote-b,Fully Remote-a,Fully Remote,Fully Remote,Fully Remote,Fully Remote,Fully Remote,Partial Hybrid,Partial Hybrid,Partial Hybrid
95,Powhatan County,All Hybrid,All Hybrid,Partial In Person,Partial In Person,Partial In Person,Partial In Person,Partial In Person,Partial In Person,Partial In Person,Partial In Person,Partial In Person,Partial In Person,Partial In Person,Partial In Person,Partial In Person
96,Prince Edward County,Fully  Remote,Fully  Remote,Partial Hybrid,Partial Hybrid,Partial Hybrid,All Hybrid,All Hybrid,All Hybrid,All Hybrid,All Hybrid,All Hybrid,All Hybrid,All Hybrid,All Hybrid,All Hybrid
97,Prince George County,In Person,In Person,In Person,In Person,In Person,In Person,In Person,In Person,In Person,In Person,In Person,In Person,In Person,In Person,In Person
98,Prince William County,Fully  Remote,Fully  Remote,Partial Hybrid,Partial Hybrid,Partial Hybrid,Partial Hybrid,Partial Hybrid,All Hybrid,All Hybrid,All Hybrid,All Hybrid,All Hybrid,All Hybrid,All Hybrid,All Hybrid
99,Pulaski County,Partial Hybrid,Partial Hybrid,In Person,In Person,In Person,In Person,In Person,In Person,In Person,In Person,In Person,In Person,In Person,In Person,In Person
100,Radford City,All Hybrid,All Hybrid,All Hybrid,Fully  Remote,All Hybrid,All Hybrid,All Hybrid,All Hybrid,In Person,In Person,In Person,In Person,In Person,In Person,In Person
101,Rappahannock County,All Hybrid,All Hybrid,All Hybrid,All Hybrid,All Hybrid,All Hybrid,All Hybrid,All Hybrid,All Hybrid,Partial In Person,Partial In Person,Partial In Person,In Person,In Person,In Person
102,Richmond City,Fully  Remote,Fully  Remote,Fully  Remote,Fully  Remote,Fully  Remote,Fully Remote-b,Fully Remote-b,Fully Remote,Fully Remote,Fully Remote,Fully Remote,Fully Remote,Predominantly Remote,Predominantly Remote,Predominantly Remote
103,Richmond County,All Hybrid,All Hybrid,All Hybrid,All Hybrid,All Hybrid,All Hybrid,All Hybrid,All Hybrid,All Hybrid,All Hybrid,All Hybrid,All Hybrid,All Hybrid,All Hybrid,All Hybrid
104,Roanoke City,Fully  Remote,Fully  Remote,Partial Hybrid,Partial Hybrid,Partial Hybrid,All Hybrid,All Hybrid,All Hybrid,All Hybrid,Partial In Person,Partial In Person,Partial In Person,Partial In Person,Partial In Person,Partial In Person
105,Roanoke County,Partial In Person,Partial In Person,Partial In Person,Partial In Person,Partial In Person,Partial In Person,Partial In Person,Partial In Person,Partial In Person,Partial In Person,Partial In Person,In Person,In Person,In Person,In Person
106,Rockbridge County,Partial In Person,Partial In Person,Partial In Person,All Hybrid,Partial In Person,Partial In Person,Partial In Person,Partial In Person,Partial In Person,Partial In Person,Partial In Person,Partial In Person,Partial In Person,Partial In Person,Partial In Person
107,Rockingham County,Partial In Person,Partial In Person,Partial In Person,Partial In Person,Partial In Person,Partial In Person,Partial In Person,Partial In Person,Partial In Person,Partial In Person,Partial In Person,Partial In Person,In Person,In Person,In Person
108,Russell County,All Hybrid,All Hybrid,Partial In Person,Partial In Person,Partial In Person,Partial In Person,Partial In Person,Partial In Person,Partial In Person,Partial In Person,Partial In Person,Partial In Person,Partial In Person,Partial In Person,Partial In Person
109,Salem City,Partial In Person,Partial In Person,Partial In Person,Partial In Person,Partial In Person,Partial In Person,Partial In Person,Partial In Person,Partial In Person,Partial In Person,In Person,In Person,In Person,In Person,In Person
110,Scott County,Partial In Person,Partial In Person,Partial In Person,Partial In Person,Partial In Person,Partial In Person,Partial In Person,In Person,In Person,In Person,In Person,In Person,In Person,In Person,In Person
111,Shenandoah County,Fully  Remote,Fully  Remote,Partial In Person,Partial In Person,Partial In Person,Partial In Person,Partial In Person,Partial In Person,Partial In Person,Partial In Person,Partial In Person,Partial In Person,Partial In Person,Partial In Person,Partial In Person
112,Smyth County,Fully  Remote,Fully  Remote,All Hybrid,All Hybrid,Fully  Remote,All Hybrid,Partial In Person,Partial In Person,In Person,In Person,In Person,In Person,In Person,In Person,In Person
113,Southampton County,Fully  Remote,Fully  Remote,Fully  Remote,Fully  Remote,Fully  Remote,Partial Hybrid,All Hybrid,All Hybrid,All Hybrid,All Hybrid,All Hybrid,All Hybrid,All Hybrid,All Hybrid,All Hybrid
114,Spotsylvania County,Fully  Remote,Fully  Remote,All Hybrid,All Hybrid,All Hybrid,All Hybrid,All Hybrid,All Hybrid,All Hybrid,All Hybrid,All Hybrid,All Hybrid,In Person,In Person,In Person
115,Stafford County,Fully  Remote,Fully  Remote,Partial Hybrid,Partial Hybrid,Partial Hybrid,All Hybrid,All Hybrid,All Hybrid,All Hybrid,All Hybrid,All Hybrid,All Hybrid,All Hybrid,All Hybrid,All Hybrid
116,Staunton City,Fully  Remote,Fully  Remote,Fully  Remote,Fully  Remote,Partial In Person,Partial In Person,Partial In Person,Partial In Person,Partial In Person,Partial In Person,Partial In Person,Partial In Person,Partial In Person,Partial In Person,Partial In Person
117,Suffolk City,Fully  Remote,Fully  Remote,Fully  Remote,Fully  Remote,Fully  Remote,Fully Remote-a,Fully Remote-a,Fully Remote,Fully Remote,Partial Hybrid,All Hybrid,All Hybrid,All Hybrid,All Hybrid,All Hybrid
118,Surry County,Fully  Remote,Fully  Remote,Fully  Remote,Fully  Remote,Fully  Remote,Fully Remote-a,Partial In Person,Partial In Person,Partial In Person,Partial In Person,In Person,In Person,In Person,In Person,In Person
119,Sussex County,Fully  Remote,Fully  Remote,Fully  Remote,Fully  Remote,Fully  Remote,Fully Remote-b,Fully Remote-b,Fully Remote,Fully Remote,Fully Remote,Fully Remote,Fully Remote,Fully Remote,Partial Hybrid,Partial In Person
120,Tazewell County,In Person,In Person,In Person,In Person,In Person,In Person,In Person,In Person,In Person,In Person,In Person,In Person,In Person,In Person,In Person
121,Virginia Beach City,Fully  Remote,Fully  Remote,Partial In Person,Partial In Person,Partial In Person,Partial In Person,Partial In Person,Partial In Person,Partial In Person,Partial In Person,Partial In Person,Partial In Person,Partial In Person,Partial In Person,In Person
122,Warren County,Partial In Person,Partial In Person,Partial In Person,Partial In Person,Partial In Person,Partial In Person,Partial In Person,Partial In Person,Partial In Person,In Person,In Person,In Person,In Person,In Person,In Person
123,Washington County,Fully  Remote,Fully  Remote,Partial In Person,Fully  Remote,Partial In Person,Partial In Person,Partial In Person,In Person,In Person,In Person,In Person,In Person,In Person,In Person,In Person
124,Waynesboro City,Fully  Remote,Fully  Remote,Partial in Person,Partial in Person,Partial in Person,Partial in Person,Partial in Person,Partial in Person,Partial in Person,Partial in Person,Partial in Person,Partial in Person,Partial in Person,Partial in Person,Partial in Person
125,West Point,Fully  Remote,Fully  Remote,All Hybrid,All Hybrid,All Hybrid,All Hybrid,All Hybrid,All Hybrid,All Hybrid,All Hybrid,All Hybrid,All Hybrid,All Hybrid,All Hybrid,All Hybrid
126,Westmoreland County,All Hybrid,All Hybrid,All Hybrid,Fully  Remote,Fully  Remote,Fully Remote-a,Fully Remote-a,All Hybrid,All Hybrid,All Hybrid,All Hybrid,All Hybrid,All Hybrid,All Hybrid,All Hybrid
127,Williamsburg-James City County,Fully  Remote,Fully  Remote,Partial Hybrid,Partial Hybrid,Partial Hybrid,Partial Hybrid,Partial In Person,Partial In Person,Partial In Person,Partial In Person,Partial In Person,Partial In Person,Partial In Person,Partial In Person,Partial In Person
128,Winchester City,All Hybrid,All Hybrid,Partial In Person,Partial In Person,Partial In Person,Partial In Person,Partial In Person,Partial In Person,Partial In Person,Partial In Person,Partial In Person,Partial In Person,Partial In Person,Partial In Person,Partial In Person
129,Wise County,Fully  Remote,Fully  Remote,In Person,In Person,In Person,In Person,In Person,In Person,In Person,In Person,In Person,In Person,In Person,In Person,In Person
130,Wythe County,Fully  Remote,Fully  Remote,In Person,Fully  Remote,Fully  Remote,In Person,In Person,In Person,In Person,In Person,In Person,In Person,In Person,In Person,In Person
131,York County,Fully  Remote,Fully  Remote,Partial Hybrid,Partial Hybrid,Partial Hybrid,Partial In Person,Partial Hybrid,Partial Hybrid,All Hybrid,All Hybrid,All Hybrid,Partial In Person,In Person,In Person,In Person
